[{"MaincategoryId":1,"title":"Women Fashion","type":"sub","megaMenu":true,"active":true,"children":[{"CategoryId":1,"title":"Kurti","type":"link","active":true,"children":[{"path":"/shop/collection/left/sidebar?category=FancyKurtis","title":"Fancy Kurtis","type":"link"},{"path":"/shop/collection/left/sidebar?category=CottonStraight","title":"Cotton Straight","type":"link"},{"path":"/shop/collection/left/sidebar?category=CottonLongAnarkali","title":"Cotton Long Anarkali","type":"link"},{"path":"/shop/collection/left/sidebar?category=ShortKurtis","title":"Short Kurtis","type":"link"},{"path":"/shop/collection/left/sidebar?category=FrontCutKep","title":"Front Cut Kep","type":"link"},{"path":"/shop/collection/left/sidebar?category=FancyKurti2","title":"Fancy Kurti 2","type":"link"}]},{"CategoryId":2,"title":"Tops","type":"link","active":true,"children":[{"path":"/shop/collection/left/sidebar?category=Tshirts","title":"Tshirts","type":"link"},{"path":"/shop/collection/left/sidebar?category=PlusSizeTops","title":"Plus Size Tops","type":"link"},{"path":"/shop/collection/left/sidebar?category=FunkyandDifferentTops","title":"Funky and Different Tops","type":"link"},{"path":"/shop/collection/left/sidebar?category=ChiffonGeorgetteTops","title":"Chiffon Georgette Tops","type":"link"},{"path":"/shop/collection/left/sidebar?category=CropTops","title":"Crop Tops","type":"link"}]},{"CategoryId":3,"title":"Jeans","type":"link","active":true,"children":[{"path":"/shop/collection/left/sidebar?category=Mobilephones","title":"Mobile phones","type":"link"},{"path":"/shop/collection/left/sidebar?category=PowerBank","title":"Power Bank","type":"link"},{"path":"/shop/collection/left/sidebar?category=MemoryCards","title":"Memory Cards","type":"link"},{"path":"/shop/collection/left/sidebar?category=Accesories","title":"Accesories","type":"link"}]},{"CategoryId":4,"title":"Jeggings","type":"link","active":true,"children":[{"path":"/shop/collection/left/sidebar?category=WashingMachines","title":"Washing Machines","type":"link"},{"path":"/shop/collection/left/sidebar?category=Waterheater","title":"Water heater","type":"link"},{"path":"/shop/collection/left/sidebar?category=Coldstores","title":"Cold stores","type":"link"}]},{"CategoryId":6,"title":"Lowers","type":"link","active":true,"children":[]},{"CategoryId":7,"title":"Shirts","type":"link","active":true,"children":[]},{"CategoryId":8,"title":"Night Suits Hosiery","type":"link","active":true,"children":[]}]},{"MaincategoryId":2,"title":"Men Fashion","type":"sub","megaMenu":true,"active":true,"children":[{"CategoryId":9,"title":"shirt","type":"link","active":true,"children":[]}]}]